Updated 8:06 PM ET, Tue August 9, 2016
Updated 10:34 PM ET, Tue August 9, 2016
Updated 8:22 PM ET, Tue August 9, 2016
Updated 8:27 PM ET, Tue August 9, 2016
Updated 7:37 PM ET, Tue August 9, 2016
Updated 7:36 PM ET, Tue August 9, 2016
Updated 11:11 PM ET, Tue August 9, 2016
Updated 7:20 PM ET, Tue August 9, 2016
Updated 7:19 PM ET, Tue August 9, 2016
Updated 8:07 PM ET, Tue August 9, 2016
Updated 9:02 PM ET, Tue August 9, 2016
Updated 7:00 PM ET, Tue August 9, 2016
Updated 9:29 PM ET, Tue August 9, 2016
Updated 6:39 PM ET, Tue August 9, 2016
Updated 6:30 PM ET, Tue August 9, 2016
Updated 8:42 PM ET, Tue August 9, 2016
Updated 6:20 PM ET, Tue August 9, 2016
Updated 6:20 PM ET, Tue August 9, 2016
Updated 6:13 PM ET, Tue August 9, 2016
Updated 6:00 PM ET, Tue August 9, 2016
Updated 5:51 PM ET, Tue August 9, 2016
Updated 5:50 PM ET, Tue August 9, 2016
Updated 5:43 PM ET, Tue August 9, 2016
Updated 5:37 PM ET, Tue August 9, 2016
Updated 5:33 PM ET, Tue August 9, 2016
Updated 10:54 PM ET, Tue August 9, 2016
Updated 4:52 PM ET, Tue August 9, 2016
Updated 4:50 PM ET, Tue August 9, 2016
Updated 4:48 PM ET, Tue August 9, 2016
Updated 4:46 PM ET, Tue August 9, 2016
Updated 4:44 PM ET, Tue August 9, 2016
Updated 4:34 PM ET, Tue August 9, 2016
Updated 4:32 PM ET, Tue August 9, 2016
Updated 4:14 PM ET, Tue August 9, 2016
Updated 4:12 PM ET, Tue August 9, 2016
Updated 4:12 PM ET, Tue August 9, 2016
Updated 10:45 PM ET, Tue August 9, 2016
Updated 3:59 PM ET, Tue August 9, 2016
Updated 3:58 PM ET, Tue August 9, 2016
Updated 3:58 PM ET, Tue August 9, 2016
Updated 2:52 PM ET, Tue August 9, 2016
Updated 2:41 PM ET, Tue August 9, 2016
Updated 2:35 PM ET, Tue August 9, 2016
Updated 2:35 PM ET, Tue August 9, 2016
Updated 2:22 PM ET, Tue August 9, 2016
Updated 2:20 PM ET, Tue August 9, 2016
Updated 9:00 PM ET, Tue August 9, 2016
Updated 2:13 PM ET, Tue August 9, 2016
Updated 2:10 PM ET, Tue August 9, 2016
Updated 1:59 PM ET, Tue August 9, 2016
